{
  "GDP": {
    "min": 539487.0,
    "max": 323880000.0
  },
  "AVPI": {
    "min": 48005.462,
    "max": 6989950.0
  },
  "AVTI": {
    "min": 209320.956,
    "max": 206112333.0
  },
  "GDPPC": {
    "min": 2957.0,
    "max": 467749.0
  },
  "RP": {
    "min": 73.9,
    "max": 1035.0
  },
  "TRSCG": {
    "min": 92154.0,
    "max": 102981533.0
  },
  "FV": {
    "min": 398.0,
    "max": 88352.0
  },
  "IAV": {
    "min": 13.81,
    "max": 12409.13
  },
  "PRP": {
    "min": 110.27,
    "max": 158731.0
  },
  "HM": {
    "min": 716.0,
    "max": 63881.0
  },
  "PV": {
    "min": 146.0,
    "max": 185011.0
  },
  "UGCA": {
    "min": 277.0,
    "max": 158649.0
  },
  "PD": {
    "min": 116.0,
    "max": 2648.0
  },
  "C": {
    "min": 9.6063276495109,
    "max": 1604.79211502901
  },
  "UL": {
    "min": 0.1916,
    "max": 1.0
  },
  "PCO": {
    "min": 5273.0,
    "max": 6258200.0
  },
  "BN": {
    "min": 1.0,
    "max": 3678.0
  }
}